word,frequency
"okay,",333
nothing,1065
special.,333
order,344
incorrect.,166
product,874
met,386
expectations.,386
damaged,178
delivery.,178
highly,176
recommended!,176
bad,169
experience.,169
taste,163
expected.,163
delivery,492
"fine,",310
better.,310
complain,366
"about,",366
exceptional.,366
overall,163
good,333
"experience,",506
thank,163
you!,163
average,343
improve.,343
worth,175
price,175
paid.,175
items,302
missing,158
order.,158
customer,301
service,301
helpful.,301
late,182
unhappy.,182
great,163
prices,163
fast,163
delivery!,163
excellent,165
"quality,",165
will,343
buy,165
again!,165
definitely,178
again.,178
packaging,146
poor.,146
selection,170
products.,170
disappointed,164
quality.,164
happy,156
service!,156
fresh,145
well-packaged.,145
perfect,144
condition.,144
